text,intent
Merhaba,greeting
Selam,greeting
Hi,greeting
Hello,greeting
Hey,greeting
Günaydın,greeting
İyi günler,greeting
İyi akşamlar,greeting
Nasılsın,greeting
How are you,greeting
Hoşgeldin,greeting
Merhaba nasılsın,greeting
Selam dostum,greeting
Hey there,greeting
Hi there,greeting
Günaydın size,greeting
İyi günler arkadaşım,greeting
Merhaba ben yeni geldim,greeting
Selam sana,greeting
Hey nasıl gidiyor,greeting
Hoş bulduk,greeting
Selamlar,greeting
Merhabalar,greeting
Herkese merhaba,greeting
Good morning,greeting
Good afternoon,greeting
Good evening,greeting
Hiya,greeting
Howdy,greeting
Yo,greeting
Sup,greeting
Greetings,greeting
Welcome,greeting
Nice to meet you,greeting
Tanıştığımıza memnun oldum,greeting
Memnun oldum,greeting
Selamün aleyküm,greeting
Aleykümselam,greeting
Selam kardeşim,greeting
Merhaba efendim,greeting
Selamlar herkese,greeting
Hey hey,greeting
Hola,greeting
Bonjour,greeting
Guten tag,greeting
Ciao,greeting
Namaste,greeting
Konnichiwa,greeting
Privet,greeting
Ola,greeting
Salam,greeting
Merhaba ben buraya yeniyim,greeting
İlk defa geliyorum selam,greeting
Yeni katıldım merhaba,greeting
Merhaba ben Alex,greeting
Selam ben Ayşe,greeting
Merhaba benim adım Mehmet,greeting
Hey ben Can,greeting
Selamlar ben Zeynep,greeting
Merhaba takım,greeting
Hey ekip,greeting
Selamlar gruba,greeting
Merhaba yönetici,greeting
Selam admin,greeting
Hey destek ekibi,greeting
Merhaba güvenlik ekibi,greeting
Selamlar siber güvenlik,greeting
Merhaba DevOps ekibi,greeting
Hey SysAdmin,greeting
Selam SOC ekibi,greeting
Merhaba IR ekibi,greeting
İyi sabahlar,greeting
Günaydın herkese,greeting
Sabah sabah merhaba,greeting
Erken kalkmış kuşlara günaydın,greeting
Öğle selamları,greeting
Akşam selamları,greeting
Gece vakti selam,greeting
Geç saatte merhaba,greeting
Yeni güne merhaba,greeting
Hafta sonu selamları,greeting
Pazartesi merhaba,greeting
Cuma akşamı selam,greeting
Hafta başı selamları,greeting
Ayın ilk günü merhaba,greeting
Yılbaşı selamları,greeting
Mutlu yıllar merhaba,greeting
Bayram selamları,greeting
Tatil selamları,greeting
Dönüş sonrası merhaba,greeting
Uzun zamandır selam,greeting
Hasret gidermeye geldim merhaba,greeting
Çok uzun süre oldu selam,greeting
Yeniden merhaba,greeting
Tekrar selamlar,greeting
Geri döndüm merhaba,greeting
Yine buradayım selam,greeting
Tekrardan hey,greeting
Bir kez daha merhaba,greeting
Yine geldik selam,greeting
İşte karşınızdayım merhaba,greeting
Buyrun burdayım selam,greeting
Hazırım merhaba,greeting
Emrinize amadeyim selam,greeting
Size nasıl yardımcı olabilirim merhaba,greeting
Bir sorunum var merhaba,greeting
Yardıma ihtiyacım var selam,greeting
Acil yardım lazım merhaba,greeting
Destek gerekiyor selam,greeting
Problem var merhaba,greeting
Sorun çıktı selam,greeting
Hata aldım merhaba,greeting
Bug buldum selam,greeting
Güvenlik açığı merhaba,greeting
Sızıntı tespit ettim selam,greeting
Anomali gördüm merhaba,greeting
Alarm aldık selam,greeting
İnsident oluştu merhaba,greeting
Breach var selam,greeting
Saldırı altındayız merhaba,greeting
APT tespit ettim selam,greeting
Malware bulaştı merhaba,greeting
Ransomware saldırısı selam,greeting
DDoS geliyor merhaba,greeting
Phishing denemesi var selam,greeting
SQL injection gördüm merhaba,greeting
XSS açığı buldum selam,greeting
CSRF zafiyeti var merhaba,greeting
RCE mümkün görünüyor selam,greeting
Privilege escalation olabilir merhaba,greeting
Lateral movement gördüm selam,greeting
Exfiltration şüphesi var merhaba,greeting
C2 trafiği tespit ettim selam,greeting
Botnet aktivitesi var merhaba,greeting
Brute force denemesi selam,greeting
Credential stuffing görüyoruz merhaba,greeting
Token hijacking olabilir selam,greeting
Session fixation açığı merhaba,greeting
MITM saldırısı şüphesi selam,greeting
DNS tunneling görüldü merhaba,greeting
Port scanning tespit ettim selam,greeting
Vulnerability scanning yapılıyor merhaba,greeting
Recon aktivitesi var selam,greeting
Enumeration görüyorum merhaba,greeting
Exploitation denemeleri selam,greeting
Post-exploitation aktivite merhaba,greeting
Persistence kurulmaya çalışılıyor selam,greeting
Defense evasion görüldü merhaba,greeting
Obfuscation kullanılıyor selam,greeting
Anti-forensics teknikler var merhaba,greeting
Log temizleme girişimi selam,greeting
Timestamp manipulation merhaba,greeting
File deletion toplu selam,greeting
Registry değişikliği anormal merhaba,greeting
Scheduled task oluşturuldu selam,greeting
WMI event subscription var merhaba,greeting
COM hijacking şüphesi selam,greeting
DLL injection tespit ettim merhaba,greeting
Process hollowing görüldü selam,greeting
Reflective DLL loading var merhaba,greeting
Fileless malware olabilir selam,greeting
Living off the land teknikler merhaba,greeting
PowerShell Empire IOC'leri selam,greeting
Cobalt Strike beacon var merhaba,greeting
Metasploit aktivitesi merhaba,greeting
Mimikatz çalıştırıldı selam,greeting
PsExec kullanımı tespit ettim merhaba,greeting
WinRM abuse var selam,greeting
SMB exploit denemeleri merhaba,greeting
RDP brute force selam,greeting
SSH tunnel kuruluyor merhaba,greeting
VPN bypass girişimi selam,greeting
Firewall kuralı değişti merhaba,greeting
ACL manipulasyonu var selam,greeting
Group Policy değişikliği merhaba,greeting
Günaydın güvenlik ekibi,greeting
Merhaba incident response,greeting
Selam SOC analysts,greeting
Hey threat hunters,greeting
Sabah shift başlıyor merhaba,greeting
Görüşürüz,farewell
Hoşçakal,farewell
Hoşça kal,farewell
Bye,farewell
Goodbye,farewell
Güle güle,farewell
Elveda,farewell
Kendine iyi bak,farewell
Take care,farewell
See you,farewell
Görüşmek üzere,farewell
Yakında görüşürüz,farewell
Sonra görüşürüz,farewell
İyi günler dilerim,farewell
Sağlıcakla kal,farewell
Hoşçakalın,farewell
İyi akşamlar bye,farewell
Güle güle hoşçakal,farewell
Kendine dikkat et,farewell
Dikkatli ol,farewell
Sağlıcakla,farewell
Esenlikle kal,farewell
Allah'a ısmarladık,farewell
Güle güle git,farewell
Uğurlar olsun,farewell
İyi yolculuklar,farewell
Yolun açık olsun,farewell
Selametle,farewell
Hayırlı olsun,farewell
Allah yolunu açık etsin,farewell
Kalın sağlıcakla,farewell
Allahaısmarladık,farewell
Vesselam,farewell
Hadi eyvallah,farewell
Eyvallah görüşürüz,farewell
Tamam o zaman görüşürüz,farewell
Peki görüşmek üzere,farewell
Anlaşıldı güle güle,farewell
Teşekkürler hoşçakal,farewell
Sağol bye,farewell
Çok sağol görüşürüz,farewell
Yardımın için teşekkürler hoşçakal,farewell
Minnettarım güle güle,farewell
Destek için sağol bye,farewell
Yardımcı olduğun için teşekkürler görüşürüz,farewell
Zamanını ayırdığın için sağol hoşçakal,farewell
Çok iyiydin bye,farewell
Harikaydın görüşürüz,farewell
Süperdin güle güle,farewell
Mükemmeldin hoşçakal,farewell
İyi günler dilerim tekrar,farewell
İyi çalışmalar dilerim hoşçakal,farewell
Başarılar dilerim güle güle,farewell
Kolay gelsin görüşürüz,farewell
İşin rast gitsin hoşçakal,farewell
Hayırlısı olsun bye,farewell
Allah kolaylık versin güle güle,farewell
Rabbim yardımcın olsun hoşçakal,farewell
İnşallah tekrar görüşürüz,farewell
Umarım bir dahaki sefere görüşürüz,farewell
Belki sonra tekrar konuşuruz bye,farewell
Daha sonra devam ederiz hoşçakal,farewell
Şimdilik bu kadar güle güle,farewell
Bugünlük yeter görüşürüz,farewell
Artık gideyim hoşçakal,farewell
Gitmem lazım bye,farewell
Kaçar gibi oldum güle güle,farewell
Acelem var hoşçakal,farewell
Toplantıya geç kalıyorum bye,farewell
Patron arıyor gitmem lazım güle güle,farewell
Kod review var görüşürüz,farewell
Sprint planning başlıyor hoşçakal,farewell
Daily standup var bye,farewell
Retrospective toplantısı güle güle,farewell
Demo time hoşçakal,farewell
Production deployment var görüşürüz,farewell
Hotfix atmalıyım bye,farewell
Rollback yapacağım güle güle,farewell
Incident var koşuyorum hoşçakal,farewell
Alert aldık hemen gidiyorum bye,farewell
Breach olmuş acelem var güle güle,farewell
SIEM alarm veriyor görüşürüz,farewell
IDS/IPS tetiklendi koşuyorum hoşçakal,farewell
DLP policy ihlal edilmiş bye,farewell
Forensics başlamalı güle güle,farewell
Malware analysis yapmalıyım hoşçakal,farewell
Threat hunting devam etmeli görüşürüz,farewell
Vulnerability assessment bitmedi bye,farewell
Penetration test yapıyorum güle güle,farewell
Red team exercise var hoşçakal,farewell
Blue team drill başladı görüşürüz,farewell
Purple team session var bye,farewell
Tabletop exercise yapacağız güle güle,farewell
BCP testi başlıyor hoşçakal,farewell
Disaster recovery drill görüşürüz,farewell
Compliance audit var bye,farewell
SOC2 preparation güle güle,farewell
ISO 27001 denetimi hoşçakal,farewell
GDPR uyumluluk kontrolü görüşürüz,farewell
PCI DSS audit bye,farewell
HIPAA compliance check güle güle,farewell
NIST framework assessment hoşçakal,farewell
CIS benchmark kontrolü görüşürüz,farewell
SANS controls review bye,farewell
MITRE ATT&CK mapping güle güle,farewell
Cyber Kill Chain analysis hoşçakal,farewell
Diamond Model çalışması görüşürüz,farewell
Threat modeling session bye,farewell
Risk assessment meeting güle güle,farewell
Security posture review hoşçakal,farewell
Maturity model scoring görüşürüz,farewell
Gap analysis yapıyoruz bye,farewell
Remediation planning güle güle,farewell
Patch management hoşçakal,farewell
Teşekkür ederim,thanks
Teşekkürler,thanks
Sağol,thanks
Sağ ol,thanks
Çok sağol,thanks
Eyvallah,thanks
Thanks,thanks
Thank you,thanks
Thx,thanks
Ty,thanks
Süper teşekkürler,thanks
Harika sağol,thanks
Mükemmel teşekkür ederim,thanks
Perfect thanks,thanks
Great thank you,thanks
Çok yardımcı oldun sağol,thanks
Gerçekten çok teşekkürler,thanks
Minnettarım,thanks
Müteşekkirim,thanks
Şükranlarımı sunarım,thanks
Çok naziksin teşekkürler,thanks
İyisin sağol,thanks
Adamın dibi,thanks
Kralsın teşekkürler,thanks
Efsanesin sağol,thanks
Harikaydın thanks,thanks
Süperdin teşekkürler,thanks
Mükemmelsin sağol,thanks
En iyisisin thank you,thanks
Tam aradığım buydu teşekkürler,thanks
İşte bu sağol,thanks
Tam istediğim gibi thanks,thanks
Eksiksiz cevap teşekkürler,thanks
Detaylı açıklama için sağol,thanks
Net cevap için thank you,thanks
Hızlı yanıt teşekkürler,thanks
Anında yardım sağol,thanks
Vakit kaybettirmeden thanks,thanks
Çabuk davrandın teşekkürler,thanks
Hemen çözdün sağol,thanks
Sorunsuz hallettik thank you,thanks
Problem çözüldü teşekkürler,thanks
Hata giderildi sağol,thanks
Bug fix oldu thanks,thanks
Patch başarılı teşekkürler,thanks
Güncelleme tamam sağol,thanks
Deployment başarılı thank you,thanks
Rollout sorunsuz teşekkürler,thanks
Migration tamamlandı sağol,thanks
Backup alındı thanks,thanks
Restore edildi teşekkürler,thanks
Recovery başarılı sağol,thanks
Hardening yapıldı thank you,thanks
Securing bitti teşekkürler,thanks
Lockdown tamam sağol,thanks
Firewall kuralları eklendi thanks,thanks
ACL'ler güncellendi teşekkürler,thanks
Politikalar uygulandı sağol,thanks
Compliance sağlandı thank you,thanks
Audit geçildi teşekkürler,thanks
Zafiyet kapatıldı sağol,thanks
Vulnerability patched thanks,thanks
Exploit engellendi teşekkürler,thanks
Saldırı durduruldu sağol,thanks
Threat mitigated thank you,thanks
Risk azaltıldı teşekkürler,thanks
Impact minimize edildi sağol,thanks
Incident kapatıldı thanks,thanks
Alert temizlendi teşekkürler,thanks
False positive düzeltildi sağol,thanks
Tuning yapıldı thank you,thanks
Threshold ayarlandı teşekkürler,thanks
Baseline güncellendi sağol,thanks
Anomaly detection iyileşti thanks,thanks
SIEM kuralları optimize teşekkürler,thanks
Correlation geliştirildi sağol,thanks
Detection capability arttı thank you,thanks
Response time iyileşti teşekkürler,thanks
MTTR düştü sağol,thanks
MTTD azaldı thanks,thanks
Coverage genişledi teşekkürler,thanks
Visibility arttı sağol,thanks
Telemetry zenginleşti thank you,thanks
Log sources eklendi teşekkürler,thanks
Data ingestion arttı sağol,thanks
Retention uzatıldı thanks,thanks
Archiving düzenlendi teşekkürler,thanks
Yardım,help
Help,help
Destek,help
Support,help
Assist,help
Yardıma ihtiyacım var,help
Help me,help
Can you help,help
I need help,help
Nasıl kullanırım,help
How do I use,help
Sana bir sorum var,help
I have a question,help
Bunu nasıl yaparım,help
How to do this,help
Anlamadım,help
I don't understand,help
Açıklayabilir misin,help
Can you explain,help
Yardımcı olur musun,help
Could you assist,help
Destek gerekiyor,help
Need support,help
Acil yardım,help
Urgent help,help
Hemen yardım lazım,help
Need help now,help
SOS,help
Emergency,help
Acil durum,help
Critical,help
Kritik,help
Çok önemli,help
Very important,help
Hemen bakılmalı,help
Immediate attention,help
Öncelikli,help
Priority,help
Yüksek öncelik,help
High priority,help
Acil müdahale,help
Urgent response,help
Anında çözüm,help
Quick fix,help
Hızlı yardım,help
Fast help,help
Çabuk destek,help
Quick support,help
Ne yapmalıyım,help
What should I do,help
Nasıl ilerlemeliyim,help
How to proceed,help
Hangi adımı atmalıyım,help
What's next step,help
Devam nasıl,help
How to continue,help
Tıkandım,help
I'm stuck,help
Çıkmaza girdim,help
Dead end,help
İlerleme yok,help
No progress,help
Çözemiyorum,help
Can't solve,help
Başaramıyorum,help
Can't succeed,help
Hata alıyorum,help
Getting error,help
Problem çıkıyor,help
Having problem,help
Sorun var,help
There's issue,help
Çalışmıyor,help
Not working,help
Bozuk,help
Broken,help
Arızalı,help
Faulty,help
Hatalı,help
Erroneous,help
Yanlış gidiyor,help
Going wrong,help
Düzgün çalışmıyor,help
Not functioning properly,help
Beklediğim gibi değil,help
Not as expected,help
Beklenmeyen sonuç,help
Unexpected result,help
Garip davranış,help
Strange behavior,help
Anormal durum,help
Abnormal situation,help
SSH nedir,info_request
Firewall nasıl çalışır,info_request
SELinux ne işe yarar,info_request
AppArmor nedir,info_request
iptables nasıl kullanılır,info_request
ufw nedir,info_request
fail2ban ne yapar,info_request
ClamAV nasıl kurulur,info_request
Rootkit nedir,info_request
Malware nasıl tespit edilir,info_request
What is SSH,info_request
How does firewall work,info_request
Explain SELinux,info_request
What is zero trust,info_request
Define CIA triad,info_request
AAA nedir,info_request
Authentication ne demek,info_request
Authorization nasıl çalışır,info_request
Accounting nedir,info_request
MFA ne işe yarar,info_request
2FA nedir,info_request
SSO nasıl kurulur,info_request
LDAP nedir,info_request
Active Directory nasıl entegre edilir,info_request
Kerberos ne işe yarar,info_request
NTLM nedir,info_request
SAML nasıl çalışır,info_request
OAuth2 nedir,info_request
OpenID Connect ne demek,info_request
JWT nasıl kullanılır,info_request
API key nedir,info_request
Bearer token ne işe yarar,info_request
Certificate-based auth nedir,info_request
PKI nasıl kurulur,info_request
X.509 certificate nedir,info_request
TLS handshake nasıl olur,info_request
SSL/TLS farkı nedir,info_request
HTTPS nasıl çalışır,info_request
Certificate pinning nedir,info_request
HSTS ne işe yarar,info_request
CSP nedir,info_request
CORS nasıl yapılandırılır,info_request
SOP nedir,info_request
XSS nedir,info_request
CSRF nasıl önlenir,info_request
SQL injection nedir,info_request
NoSQL injection nasıl tespit edilir,info_request
Command injection nedir,info_request
Path traversal nasıl önlenir,info_request
SSRF nedir,info_request
XXE ne işe yarar,info_request
Deserialization attack nedir,info_request
SSTI nasıl tespit edilir,info_request
LDAP injection nedir,info_request
XML injection nasıl önlenir,info_request
Buffer overflow nedir,info_request
Heap overflow nasıl exploit edilir,info_request
Stack overflow nedir,info_request
Use-after-free nasıl çalışır,info_request
Race condition nedir,info_request
TOCTOU nasıl önlenir,info_request
Integer overflow nedir,info_request
Format string vulnerability nasıl kullanılır,info_request
ROP chain nedir,info_request
DEP bypass nasıl yapılır,info_request
ASLR nedir,info_request
Stack canary nasıl çalışır,info_request
PIE nedir,info_request
RELRO ne işe yarar,info_request
Fuzzing nedir,info_request
Static analysis nasıl yapılır,info_request
Dynamic analysis nedir,info_request
SAST vs DAST farkı,info_request
Penetration testing nedir,info_request
Red team vs blue team,info_request
Purple team nedir,info_request
Threat hunting nasıl yapılır,info_request
Threat intelligence nedir,info_request
IOC nedir,info_request
TTP ne demek,info_request
MITRE ATT&CK nedir,info_request
Cyber Kill Chain nasıl çalışır,info_request
Diamond Model nedir,info_request
F3EAD cycle nasıl uygulanır,info_request
OODA loop nedir,info_request
IDS vs IPS farkı,info_request
NIDS nedir,info_request
HIDS nasıl kurulur,info_request
Snort nedir,info_request
Suricata nasıl yapılandırılır,info_request
Zeek nedir,info_request
OSSEC ne işe yarar,info_request
Wazuh nedir,info_request
SIEM nedir,info_request
Splunk nasıl kullanılır,info_request
ELK Stack nedir,info_request
Elasticsearch nasıl kurulur,info_request
Logstash nedir,info_request
Kibana nasıl yapılandırılır,info_request
Graylog nedir,info_request
Fluentd ne işe yarar,info_request
Log aggregation nedir,info_request
Log correlation nasıl yapılır,info_request
Log analysis nedir,info_request
Log retention policy nasıl belirlenir,info_request
SIEM use case nedir,info_request
Detection rule nasıl yazılır,info_request
Correlation rule nedir,info_request
Alert fatigue nasıl önlenir,info_request
False positive nasıl azaltılır,info_request
True positive rate nedir,info_request
SOC nedir,info_request
NOC vs SOC farkı,info_request
CSIRT nedir,info_request
CERT nasıl kurulur,info_request
Incident response nedir,info_request
IR playbook nasıl oluşturulur,info_request
Runbook nedir,info_request
SOAR nedir,info_request
Security orchestration nasıl yapılır,info_request
Security automation nedir,info_request
Ansible for security nasıl kullanılır,info_request
Terraform security best practices,info_request
Infrastructure as Code güvenliği,info_request
GitOps security nedir,info_request
DevSecOps nedir,info_request
Shift left security nasıl uygulanır,info_request
Security as Code nedir,info_request
Policy as Code nasıl yazılır,info_request
Compliance as Code nedir,info_request
OPA nedir,info_request
Rego language nasıl öğrenilir,info_request
Sentinel policy nedir,info_request
Inspec nasıl kullanılır,info_request
Chef compliance nedir,info_request
Puppet security modules,info_request
SaltStack security state,info_request
Cloud security nedir,info_request
AWS security best practices,info_request
Azure security center nedir,info_request
GCP security command center,info_request
Cloud IAM nedir,info_request
S3 bucket policy nasıl yazılır,info_request
Azure AD conditional access,info_request
GCP VPC firewall rules,info_request
Cloud KMS nedir,info_request
Secrets management nedir,info_request
Vault by HashiCorp nasıl kullanılır,info_request
AWS Secrets Manager nedir,info_request
Azure Key Vault nasıl kurulur,info_request
GCP Secret Manager nedir,info_request
Encryption at rest nedir,info_request
Encryption in transit nasıl sağlanır,info_request
End-to-end encryption nedir,info_request
Symmetric encryption nedir,info_request
Asymmetric encryption nasıl çalışır,info_request
AES nedir,info_request
RSA encryption nedir,info_request
ECC nedir,info_request
Diffie-Hellman key exchange,info_request
Perfect forward secrecy nedir,info_request
Post-quantum cryptography,info_request
Quantum-resistant algorithms,info_request
Hash function nedir,info_request
SHA-256 nasıl çalışır,info_request
MD5 neden güvenli değil,info_request
HMAC nedir,info_request
Salt nedir,info_request
Pepper ne işe yarar,info_request
Password hashing best practices,info_request
bcrypt nedir,info_request
scrypt nasıl kullanılır,info_request
Argon2 nedir,info_request
PBKDF2 nasıl çalışır,info_request
Rainbow table attack nedir,info_request
Dictionary attack nasıl önlenir,info_request
Brute force attack nedir,info_request
Credential stuffing nasıl tespit edilir,info_request
Password spraying nedir,info_request
Pass-the-hash attack nasıl çalışır,info_request
Pass-the-ticket nedir,info_request
Kerberoasting nasıl yapılır,info_request
AS-REP roasting nedir,info_request
Golden ticket attack nasıl önlenir,info_request
Silver ticket nedir,info_request
Mimikatz nedir,info_request
BloodHound nasıl kullanılır,info_request
Impacket nedir,info_request
CrackMapExec nasıl çalışır,info_request
PowerView nedir,info_request
Rubeus nasıl kullanılır,info_request
Responder nedir,info_request
LLMNR poisoning nasıl önlenir,info_request
NBT-NS spoofing nedir,info_request
WPAD hijacking nasıl çalışır,info_request
SMB relay attack nedir,info_request
NTLM relay nasıl önlenir,info_request
PetitPotam nedir,info_request
PrintNightmare nasıl patch edilir,info_request
EternalBlue nedir,info_request
BlueKeep vulnerability nasıl test edilir,info_request
Zerologon nedir,info_request
SolarWinds supply chain attack,info_request
Log4Shell vulnerability nedir,info_request
Spring4Shell nasıl tespit edilir,info_request
ProxyLogon nedir,info_request
ProxyShell nasıl patch edilir,info_request
ProxyNotShell nedir,info_request
Follina vulnerability nasıl çalışır,info_request
DogWalk nedir,info_request
NoPac vulnerability nasıl test edilir,info_request
Dirty Pipe nedir,info_request
PwnKit nasıl exploit edilir,info_request
Polkit vulnerability nedir,info_request
Sudo vulnerability nasıl patch edilir,info_request
Baron Samedit nedir,info_request
BootHole vulnerability nasıl çalışır,info_request
GRUB2 bootloader security,info_request
Secure Boot nedir,info_request
UEFI security best practices,info_request
TPM nedir,info_request
Measured boot nasıl çalışır,info_request
Attestation nedir,info_request
Remote attestation nasıl yapılır,info_request
Trusted execution environment nedir,info_request
Intel SGX nedir,info_request
AMD SEV nasıl kullanılır,info_request
ARM TrustZone nedir,info_request
Confidential computing nasıl uygulanır,info_request
Homomorphic encryption nedir,info_request
Secure multi-party computation,info_request
Zero-knowledge proof nedir,info_request
Differential privacy nasıl sağlanır,info_request
Federated learning nedir,info_request
Privacy-preserving ML nedir,info_request
GDPR compliance nasıl sağlanır,info_request
CCPA nedir,info_request
PCI DSS requirements nelerdir,info_request
HIPAA compliance checklist,info_request
SOC 2 audit nasıl hazırlanır,info_request
ISO 27001 certification süreci,info_request
NIST Cybersecurity Framework,info_request
CIS Controls nedir,info_request
SANS Top 25 nedir,info_request
OWASP Top 10 güncel liste,info_request
CVE nedir,info_request
CVSS scoring nasıl yapılır,info_request
NVD database nedir,info_request
Exploit DB nasıl kullanılır,info_request
Packet Storm nedir,info_request
SecurityFocus archive,info_request
CERT/CC advisories nedir,info_request
CISA alerts nasıl takip edilir,info_request
NSA cybersecurity guidance,info_request
ENISA recommendations nedir,info_request
NCSC guidance UK nasıl uygulanır,info_request
BSI grundschutz nedir,info_request
ANSSI recommendations France,info_request
ACSC essential eight nedir,info_request
Cyber Essentials UK scheme,info_request
Zero trust architecture nedir,info_request
Never trust always verify prensibi,info_request
Micro-segmentation nedir,info_request
Network segmentation best practices,info_request
VLAN security nasıl sağlanır,info_request
SDN security nedir,info_request
NFV security challenges,info_request
5G security concerns nedir,info_request
Edge computing security,info_request
Fog computing nedir,info_request
IoT security best practices,info_request
OT security nedir,info_request
ICS security nasıl sağlanır,info_request
SCADA security challenges,info_request
Purdue model nedir,info_request
Industrial zone segmentation,info_request
Safety instrumented systems nedir,info_request
Functional safety vs cybersecurity,info_request
IEC 62443 standards nedir,info_request
NERC CIP compliance nedir,info_request
Maritime cybersecurity standards,info_request
Aviation cybersecurity nedir,info_request
Healthcare device security,info_request
Medical device cybersecurity,info_request
FDA cybersecurity guidance,info_request
Automotive cybersecurity nedir,info_request
Connected car security challenges,info_request
V2X security nedir,info_request
CAN bus security nasıl sağlanır,info_request
Smart grid security nedir,info_request
Energy sector cybersecurity,info_request
Critical infrastructure protection,info_request
National security systems nedir,info_request
Classified information handling,info_request
TEMPEST standards nedir,info_request
EMSEC nedir,info_request
Side-channel attacks nasıl önlenir,info_request
Timing attack nedir,info_request
Power analysis nasıl yapılır,info_request
Fault injection attack nedir,info_request
Cold boot attack nasıl çalışır,info_request
Evil maid attack nedir,info_request
Physical security controls nelerdir,info_request
Data center security best practices,info_request
Server room hardening nasıl yapılır,info_request
Rack security nedir,info_request
Cable management security concerns,info_request
KVM security nedir,info_request
IPMI security hardening,info_request
BMC security nedir,info_request
iLO security best practices,info_request
iDRAC hardening nasıl yapılır,info_request
CIMC security nedir,info_request
Out-of-band management security,info_request
Serial console security nasıl sağlanır,info_request
USB security policies nedir,info_request
Removable media control nasıl uygulanır,info_request
DLP nedir,info_request
Data loss prevention strategies,info_request
Exfiltration detection nasıl yapılır,info_request
C2 communication nasıl tespit edilir,info_request
Beaconing detection nedir,info_request
DNS tunneling nasıl engellenir,info_request
ICMP tunneling nedir,info_request
HTTP/HTTPS tunneling nasıl tespit edilir,info_request
SSH scripti oluştur,action_request
Firewall yapılandır,action_request
Create hardening script,action_request
Configure SELinux,action_request
Setup fail2ban,action_request
Install ClamAV,action_request
Deploy security policy,action_request
Generate SSH keys,action_request
Harden Linux server,action_request
Secure Windows server,action_request
Ubuntu 22.04 SSH hardening scripti oluştur,action_request
Windows Server 2022 firewall kuralları yaz,action_request
CentOS 8 SELinux configuration script,action_request
Debian 11 AppArmor profili oluştur,action_request
RHEL 9 security baseline script,action_request
Fedora workstation hardening automation,action_request
Arch Linux security configuration,action_request
openSUSE Leap hardening script yaz,action_request
Alpine Linux docker security script,action_request
Kali Linux pentesting automation,action_request
Parrot OS security tools kurulum scripti,action_request
Ubuntu Server 20.04 CIS benchmark uygula,action_request
Windows 10 Enterprise hardening GPO oluştur,action_request
Windows 11 security baseline PowerShell script,action_request
macOS Ventura security configuration script,action_request
FreeBSD jail security hardening,action_request
OpenBSD pf firewall rules oluştur,action_request
NetBSD security configuration automation,action_request
Solaris zone security hardening script,action_request
AIX security baseline configuration,action_request
HP-UX hardening automation script yaz,action_request
ESXi host security configuration,action_request
vCenter security hardening script,action_request
Hyper-V security baseline PowerShell,action_request
KVM host hardening script oluştur,action_request
Proxmox VE security configuration,action_request
XenServer security hardening automation,action_request
Docker container security scanning script,action_request
Kubernetes cluster hardening manifest,action_request
OpenShift security policy yaml oluştur,action_request
Rancher security baseline configuration,action_request
ECS task security hardening,action_request
EKS cluster security policy deploy,action_request
AKS security configuration script,action_request
GKE hardening terraform module yaz,action_request
Istio security policy oluştur,action_request
Linkerd mtls configuration,action_request
Consul service mesh security script,action_request
Envoy proxy security hardening,action_request
NGINX security configuration generate,action_request
Apache hardening script oluştur,action_request
HAProxy security baseline,action_request
Traefik security configuration yaml,action_request
Caddy server hardening script,action_request
Lighttpd security configuration,action_request
IIS security hardening PowerShell script,action_request
Tomcat security baseline configuration,action_request
JBoss security hardening script,action_request
WebLogic security configuration automation,action_request
WebSphere security baseline script,action_request
PostgreSQL security hardening sql,action_request
MySQL database security configuration,action_request
MariaDB security baseline script,action_request
MongoDB security hardening configuration,action_request
Redis security configuration script,action_request
Elasticsearch cluster security hardening,action_request
Cassandra security baseline configuration,action_request
Neo4j security hardening script,action_request
InfluxDB security configuration,action_request
TimescaleDB security hardening,action_request
Oracle database security baseline,action_request
SQL Server security hardening script,action_request
Azure SQL security configuration,action_request
RDS security baseline terraform,action_request
CloudSQL security hardening script,action_request
AWS EC2 security group rules terraform,action_request
Azure NSG security rules bicep,action_request
GCP firewall rules terraform module,action_request
AWS VPC security hardening cloudformation,action_request
Azure Virtual Network security baseline,action_request
GCP VPC security configuration script,action_request
AWS IAM security policy json oluştur,action_request
Azure RBAC security configuration,action_request
GCP IAM security baseline terraform,action_request
AWS S3 bucket security policy,action_request
Azure Storage security hardening,action_request
GCP Cloud Storage security configuration,action_request
AWS Lambda security baseline SAM template,action_request
Azure Functions security hardening,action_request
GCP Cloud Functions security configuration,action_request
AWS ECS security policy terraform,action_request
Azure Container Instances security,action_request
GCP Cloud Run security hardening,action_request
AWS EKS security baseline eksctl,action_request
Azure AKS security configuration bicep,action_request
GCP GKE security hardening terraform,action_request
AWS CloudTrail security configuration,action_request
Azure Activity Log security baseline,action_request
GCP Cloud Audit Logs configuration,action_request
AWS GuardDuty enable terraform,action_request
Azure Sentinel deployment script,action_request
GCP Security Command Center configuration,action_request
AWS Security Hub baseline terraform,action_request
Azure Defender deployment bicep,action_request
GCP SCC security findings automation,action_request
Splunk security app deployment script,action_request
ELK Stack security configuration docker-compose,action_request
Graylog security baseline ansible playbook,action_request
Wazuh manager deployment script,action_request
OSSEC server configuration automation,action_request
Suricata IDS rules deployment script,action_request
Snort IDS configuration hardening,action_request
Zeek NSM deployment automation,action_request
Moloch full packet capture setup script,action_request
Arkime deployment configuration,action_request
TheHive incident response platform deploy,action_request
Cortex analyzer deployment script,action_request
MISP threat intelligence platform setup,action_request
OpenCTI deployment docker-compose,action_request
YETI threat intelligence configuration,action_request
Volatility memory forensics automation script,action_request
Autopsy digital forensics deployment,action_request
Sleuth Kit forensics analysis script,action_request
SIFT workstation configuration,action_request
REMnux malware analysis setup,action_request
Cuckoo Sandbox deployment automation,action_request
CAPE Sandbox configuration script,action_request
Any.Run API integration script,action_request
VirusTotal API automation script,action_request
Hybrid Analysis integration,action_request
Joe Sandbox API client script,action_request
Metasploit Framework penetration testing automation,action_request
Cobalt Strike C2 infrastructure setup,action_request
Empire C2 deployment script,action_request
Covenant C2 configuration,action_request
Mythic C2 framework setup,action_request
Sliver C2 deployment automation,action_request
PoshC2 infrastructure script,action_request
Merlin C2 configuration,action_request
Koadic C2 deployment,action_request
Pupy RAT setup script,action_request
Havoc C2 framework configuration,action_request
Burp Suite Pro automation script,action_request
OWASP ZAP security scanning automation,action_request
Nikto web scanner deployment,action_request
SQLMap automation script oluştur,action_request
XSStrike XSS detection automation,action_request
Commix command injection scanner,action_request
SSRF Sheriff deployment script,action_request
NoSQLMap automation configuration,action_request
Wfuzz fuzzing automation script,action_request
Ffuf web fuzzer deployment,action_request
Gobuster directory bruteforce automation,action_request
Feroxbuster deployment script,action_request
Dirsearch automation configuration,action_request
Amass subdomain enumeration automation,action_request
Subfinder deployment script,action_request
Assetfinder automation configuration,action_request
Nuclei vulnerability scanner deployment,action_request
Nmap security scanning automation script,action_request
Masscan port scanning automation,action_request
Rustscan deployment configuration,action_request
Naabu port scanner automation,action_request
HTTPx http probing automation,action_request
Aquatone screenshot automation script,action_request
EyeWitness deployment configuration,action_request
Gowitness automation script,action_request
WhatWeb fingerprinting automation,action_request
Wappalyzer technology detection script,action_request
Retire.js vulnerable library detection,action_request
Safety Python dependency checker automation,action_request
Snyk security scanning integration,action_request
Trivy container security scanning,action_request
Grype vulnerability scanner deployment,action_request
Anchore container scanning automation,action_request
Clair security scanner configuration,action_request
Falco runtime security deployment,action_request
AppArmor profile generation script,action_request
SELinux policy module creation automation,action_request
grsecurity kernel hardening configuration,action_request
PaX security patches automation,action_request
KSPP kernel hardening script,action_request
Seccomp profile generation,action_request
Landlock LSM configuration,action_request
Yama LSM hardening script,action_request
LoadPin kernel module configuration,action_request
Integrity measurement architecture setup,action_request
Audit daemon configuration hardening,action_request
auditd rules deployment script,action_request
rsyslog security configuration,action_request
syslog-ng deployment automation,action_request
journald security hardening configuration,action_request
logrotate security policy script,action_request
Logwatch deployment configuration,action_request
AIDE file integrity monitoring setup,action_request
Tripwire integrity checking automation,action_request
OSSEC HIDS deployment script,action_request
Samhain HIDS configuration,action_request
rkhunter rootkit detection automation,action_request
chkrootkit deployment script,action_request
LMD malware detection configuration,action_request
ClamAV antivirus automation script,action_request
Lynis security auditing automation,action_request
OpenSCAP compliance scanning script,action_request
Scap Security Guide baseline application,action_request
Tenable Nessus scanner automation,action_request
OpenVAS vulnerability scanner deployment,action_request
Greenbone Security Manager setup,action_request
Qualys agent deployment script,action_request
Rapid7 InsightVM agent automation,action_request
Nexpose scanner configuration,action_request
Acunetix web scanner automation,action_request
Invicti security scanner integration,action_request
Veracode SAST scanning automation,action_request
Checkmarx SAST integration script,action_request
SonarQube security rules configuration,action_request
Semgrep SAST deployment automation,action_request
Bandit Python SAST configuration,action_request
Brakeman Rails security scanner,action_request
FindSecBugs Java scanner automation,action_request
ESLint security plugin configuration,action_request
TSLint security rules deployment,action_request
Gosec Go security scanner automation,action_request
Staticcheck Go linter security rules,action_request
Shellcheck shell script security,action_request
PSScriptAnalyzer PowerShell security rules,action_request
Ansible-lint security checks configuration,action_request
Terraform security scanning tfsec,action_request
Checkov IaC security scanning automation,action_request
Terrascan deployment script,action_request
KICS IaC security scanner configuration,action_request
Bugün hava nasıl,out_of_scope
Yemek tarifi ver,out_of_scope
Hangi film izlemeliyim,out_of_scope
Matematik problemi çöz,out_of_scope
Hava durumu nasıl,out_of_scope
Akşam yemeği önerisi,out_of_scope
Film önerisi yap,out_of_scope
Müzik öneri,out_of_scope
Kitap tavsiyesi,out_of_scope
Seyahat önerisi,out_of_scope
Otel tavsiyesi,out_of_scope
Restoran önerisi,out_of_scope
Kahve tarifi,out_of_scope
Pasta yapmak,out_of_scope
Spor sonuçları,out_of_scope
Futbol maçı skoru,out_of_scope
Hisse senedi fiyatı,out_of_scope
Döviz kuru,out_of_scope
Kripto para fiyatı,out_of_scope
Bitcoin ne kadar,out_of_scope
Borsa kapanışı,out_of_scope
Altın fiyatları,out_of_scope
Emlak piyasası,out_of_scope
Araba fiyatları,out_of_scope
Telefon modelleri,out_of_scope
Bilgisayar tavsiyesi,out_of_scope
Oyun önerisi,out_of_scope
PS5 oyunları,out_of_scope
Xbox Game Pass,out_of_scope
Steam indirimleri,out_of_scope
Epic Games ücretsiz oyun,out_of_scope
Netflix dizi önerisi,out_of_scope
Amazon Prime video,out_of_scope
Disney Plus içerik,out_of_scope
YouTube video önerisi,out_of_scope
TikTok trendleri,out_of_scope
Instagram gönderisi,out_of_scope
Twitter trending,out_of_scope
Facebook marketplace,out_of_scope
LinkedIn iş ilanları,out_of_scope
Reddit popular,out_of_scope
Discord sunucuları,out_of_scope
Telegram kanalları,out_of_scope
WhatsApp durumu,out_of_scope
Snapchat filtreleri,out_of_scope
BeReal zamanı,out_of_scope
Clubhouse odaları,out_of_scope
Aşk hayatı,out_of_scope
İlişki tavsiyesi,out_of_scope
Flört teknikleri,out_of_scope
Evlilik önerisi,out_of_scope
Boşanma süreci,out_of_scope
Çocuk eğitimi,out_of_scope
Hamilelik takvibi,out_of_scope
Bebek isimleri,out_of_scope
Sağlık tavsiyesi,out_of_scope
İlaç kullanımı,out_of_scope
Diyet programı,out_of_scope
Kilo verme yöntemleri,out_of_scope
Fitness programı,out_of_scope
Yoga dersleri,out_of_scope
Meditasyon teknikleri,out_of_scope
Uyku düzeni,out_of_scope
Rüya tabiri,out_of_scope
Burç yorumu,out_of_scope
Astroloji haritası,out_of_scope
Numeroloji hesabı,out_of_scope
Tarot falı,out_of_scope
Kahve falı,out_of_scope
El falı,out_of_scope
Yıldız falı,out_of_scope
Kristal güçleri,out_of_scope
Enerji temizliği,out_of_scope
Çakra dengesi,out_of_scope
Reiki healing,out_of_scope
Feng shui uygulaması,out_of_scope
Vaastu shastra,out_of_scope
Mandala çizimi,out_of_scope
Mantra okuma,out_of_scope
Kundalini awakening,out_of_scope
Third eye opening,out_of_scope
Astral projection,out_of_scope
Lucid dreaming,out_of_scope
Law of attraction,out_of_scope
Manifestation teknikleri,out_of_scope
Positive affirmations,out_of_scope
Mindfulness pratikleri,out_of_scope
Breathwork exercises,out_of_scope
Pranayama teknikleri,out_of_scope
Tai chi hareketleri,out_of_scope
Qigong pratiği,out_of_scope
Aikido teknikleri,out_of_scope
Judo hareketi,out_of_scope
Karate kata,out_of_scope
Taekwondo kick,out_of_scope
Muay Thai training,out_of_scope
Boxing combinations,out_of_scope
MMA techniques,out_of_scope
BJJ submissions,out_of_scope
Wrestling takedowns,out_of_scope
Parkour moves,out_of_scope
Freerunning tricks,out_of_scope
Skateboard tricks,out_of_scope
BMX stunts,out_of_scope
Snowboard techniques,out_of_scope
Surf waves,out_of_scope
Scuba diving tips,out_of_scope
Paragliding spots,out_of_scope
Rock climbing routes,out_of_scope
Mountaineering gear,out_of_scope
Camping equipment,out_of_scope
Hiking trails,out_of_scope
Backpacking tips,out_of_scope
Travel destinations,out_of_scope
Vacation packages,out_of_scope
Flight tickets,out_of_scope
Hotel booking,out_of_scope
Airbnb listing,out_of_scope
Hostel recommendations,out_of_scope
Car rental,out_of_scope
Train schedule,out_of_scope
Bus timings,out_of_scope
Ferry routes,out_of_scope
Cruise packages,out_of_scope
Tour operators,out_of_scope
Travel insurance,out_of_scope
Visa requirements,out_of_scope
Passport renewal,out_of_scope
Currency exchange,out_of_scope
Local cuisine,out_of_scope
Street food,out_of_scope
Fine dining,out_of_scope
Merhaba arkadaşlar,greeting
Selamün aleyküm ve rahmetullah,greeting
İyi geceler,greeting
Güle güle uyu,greeting
İyi uykular,greeting
Hoş geldin aramıza,greeting
Safa geldin,greeting
Hoş bulduk seni,greeting
Nasılsınız hepiniz,greeting
İyi misin,greeting
Ne haber,greeting
Ne var ne yok,greeting
Naber,greeting
Nasıl gidiyor işler,greeting
Her şey yolunda mı,greeting
Keyifler nasıl,greeting
Moraller bozuk mu,greeting
Hayat nasıl,greeting
Gün nasıl geçiyor,greeting
Yeni bir gün yeni umutlar,greeting
Şimdilik hoşçakal,farewell
Yarın görüşürüz,farewell
Haftaya görüşmek üzere,farewell
Gelecek hafta görüşürüz,farewell
Ayın sonunda tekrar,farewell
Önümüzdeki toplantıda,farewell
Demo günü görüşelim,farewell
Sprint bitiminde,farewell
Release sonrası konuşalım,farewell
Deployment tamamlandıktan sonra,farewell
Rollback sonrası,farewell
Hotfix bitince,farewell
Patch Tuesday sonrası,farewell
Maintenance window bitiminde,farewell
Change request onaylandıktan sonra,farewell
CAB meeting sonrası,farewell
Post-mortem toplantısında,farewell
RCA tamamlandıktan sonra,farewell
Incident kapatıldıktan sonra,farewell
Problem çözüldükten sonra,farewell
Workaround uygulandıktan sonra,farewell
Escalation sonrası konuşuruz,farewell
Service restored olunca,farewell
Systems back online olunca,farewell
Degraded performance düzelince,farewell
Latency issues çözülünce,farewell
Throughput iyileşince,farewell
Error rate düşünce,farewell
False positive temizlenince,farewell
Alert tuning bitince,farewell
Rule optimization tamamlanınca,farewell
Baseline update sonrası,farewell
Threat intel update gelince,farewell
IOC refresh tamamlanınca,farewell
Signature update sonrası,farewell
Policy update bitince,farewell
Teşekkürler gerçekten,thanks
Çok müteşekkirim,thanks
Son derece minnettar,thanks
Yardımın çok değerli,thanks
Çok işime yaradı,thanks
Tam zamanında geldi,thanks
Çok kıymetli,thanks
Paha biçilmez yardım,thanks
Altın değerinde bilgi,thanks
Harika açıklama teşekkürler,thanks
Net ve anlaşılır sağol,thanks
Tam aradığım cevap thanks,thanks
Kritik yardım teşekkürler,thanks
Selamlar dostum,greeting
Hoş geldiniz,greeting
Merhaba ekip,greeting
İyi akşamlar size,greeting
Günaydın dostlar,greeting
Selam millet,greeting
Hey arkadaşlar,greeting
Herkese merhabalar,greeting
Gününüz güzel geçsin,greeting
Kendine iyi bak dostum,farewell
İyi şanslar,farewell
Allah'a emanet ol,farewell
Sevgiler güle güle,farewell
Hoşçakal kardeşim,farewell
Başarılar dilerim görüşürüz,farewell
İyi akşamlar tekrar görüşmek üzere,farewell
Hayırlı işler bye,farewell
Görüşmek dileğiyle,farewell
Sağlıcakla kalın,farewell
Çok teşekkür ederim yardımın için,thanks
Minnettarım gerçekten,thanks
Süpersin teşekkürler,thanks
Mükemmel bilgi sağol,thanks
Harika yardım thanks,thanks
Değerli bilgi için teşekkürler,thanks
İyi ki varsın sağol,thanks
Efsanesin thanks a lot,thanks
Perfect thank you so much,thanks
Amazing help teşekkürler,thanks
Yardıma acilen ihtiyacım var,help
Destek alabilir miyim,help
Yardımcı olur musunuz lütfen,help
Bir konuda takıldım help,help
Sorunum var çözemiyorum,help
Assistance needed please,help
Can you assist me,help
Need urgent support,help
Yardım et bana,help
Desteğe ihtiyaç var,help
Firewall ne demek,info_request
SELinux nasıl aktif edilir,info_request
AppArmor ne işe yarar,info_request
Zero trust nedir açıklar mısın,info_request
MFA authentication nasıl çalışır,info_request
TLS handshake explain,info_request
CSRF saldırısı nedir,info_request
XSS vulnerability nedir,info_request
SQL injection nasıl önlenir,info_request
SIEM nedir açıkla,info_request
IDS ve IPS farkı,info_request
Vulnerability assessment nasıl yapılır,info_request
Security audit checklist,info_request
Compliance requirements neler,info_request
GDPR nedir açıkla,info_request
PCI DSS standartları,info_request
ISO 27001 nedir,info_request
NIST framework açıkla,info_request
Debian firewall kuralı ekle,action_request
CentOS SSH config hardening script,action_request
RHEL password policy ayarla,action_request
Fedora selinux enable script,action_request
Ubuntu fail2ban kur,action_request
Kali Linux penetration test scripti,action_request
Windows firewall rules PowerShell,action_request
macOS security configuration,action_request
Docker container güvenlik scripti,action_request
Kubernetes security policy oluştur,action_request
AWS IAM policy json yaz,action_request
Azure security baseline script,action_request
GCP firewall rules terraform,action_request
PostgreSQL hardening configuration,action_request
MySQL security script oluştur,action_request
MongoDB authentication enable,action_request
Redis security configuration,action_request
NGINX SSL configuration script,action_request
Apache hardening automation,action_request
Ansible security playbook yaz,action_request
Terraform AWS security module,action_request
Splunk security monitoring setup,action_request
ELK stack security config,action_request
Prometheus alerting rules,action_request
Grafana dashboard security,action_request
Bugün hava güzel mi,out_of_scope
Yemek yapma tarifi,out_of_scope
Film tavsiyesi ver bana,out_of_scope
Müzik öner dinleyeyim,out_of_scope
Kitap önerisi lazım,out_of_scope
Spor sonuçları nedir,out_of_scope
Borsa kapanışı bugün,out_of_scope
Döviz kurları güncel,out_of_scope
Kripto para fiyatları,out_of_scope
Restoran önerisi ver,out_of_scope
Otel tavsiyesi yap,out_of_scope
Tatil yeri öner,out_of_scope
Araba tavsiyesi,out_of_scope
Telefon modeli öner,out_of_scope
Oyun önerisi ver,out_of_scope
Netflix dizi tavsiyesi,out_of_scope
YouTube video öner,out_of_scope
Aşk hayatı tavsiyesi,out_of_scope
İlişki önerisi ver,out_of_scope
Diyet programı öner,out_of_scope
Fitness egzersizi,out_of_scope
Burç yorumu yap,out_of_scope
Tarot falı bak,out_of_scope
Kahve falı oku,out_of_scope
Crystal healing,out_of_scope
Meditation techniques,out_of_scope
Yardımcı olabilir misiniz acil,help
Support lazım hemen,help
Assistance gerekli,help
Problem var çözüm lazım,help
Help me with this issue,help
Urgent help needed now,help
Can someone assist,help
Need immediate support,help
Takıldım yardım eder misin,help
Destek ekibi yardım,help
SSH configuration öğrenmek istiyorum,info_request
Firewall kuralları nasıl yazılır,info_request
İnce ayar yapmak istiyorum SSH,action_request
Güvenlik duvarı yapılandır benim için,action_request
Script oluştur firewall için,action_request
Automation script yaz hardening,action_request
Konfigürasyon dosyası hazırla,action_request
Security baseline uygula,action_request
Sistem sıkılaştırma scripti yaz,action_request
Güvenlik politikası oluştur bana,action_request
TLS certificate nasıl kurulur,info_request
PKI infrastructure nedir,info_request
Certificate authority açıkla,info_request
Digital signature nasıl çalışır,info_request
VPN tunnel configuration,info_request
IPSec protokolü nedir,info_request
OpenVPN setup guide,info_request
WireGuard nasıl kurulur,info_request
Site-to-site VPN nedir,info_request
Load balancer security,info_request
WAF nedir açıkla,info_request
DDoS protection nasıl sağlanır,info_request
Rate limiting nedir,info_request
API gateway security,info_request
OAuth2 flow açıkla,info_request
SAML authentication nedir,info_request
SSO implementation nasıl yapılır,info_request
Multi-factor authentication types,info_request
Biometric authentication security,info_request
Port 22 değiştir SSH,action_request
ufw enable et Ubuntu,action_request
iptables rule ekle,action_request
SELinux enforce mode yap,action_request
fail2ban jail configuration,action_request
ClamAV scan automation,action_request
Rootkit detection script,action_request
AIDE file integrity monitoring,action_request
Auditd rules oluştur,action_request
Rsyslog remote logging setup,action_request
Splunk forwarder kur,action_request
Wazuh agent deploy et,action_request
Suricata IDS rules ekle,action_request
Snort signature oluştur,action_request
Zeek script yaz network monitoring,action_request
Ansible playbook security automation,action_request
Chef cookbook security hardening,action_request
Puppet manifest security policy,action_request
SaltStack state file hardening,action_request
Terraform module security baseline,action_request
CloudFormation template security,action_request
ARM template Azure security,action_request
Helm chart security values,action_request
Kustomize overlay security,action_request
ArgoCD application security,action_request
Fizik sorusu sor,out_of_scope
Kimya deneyi,out_of_scope
Biyoloji konusu,out_of_scope
Tarih bilgisi,out_of_scope
Coğrafya sorusu,out_of_scope
Edebiyat eseri,out_of_scope
Felsefe tartışması,out_of_scope
Psikoloji tavsiyesi,out_of_scope
Sosyoloji konusu,out_of_scope
Ekonomi analizi,out_of_scope
İş dünyası stratejisi,out_of_scope
Pazarlama önerisi,out_of_scope
Satış tekniği,out_of_scope
Liderlik tavsiyeleri,out_of_scope
Motivasyon sözleri,out_of_scope
Kariyer planlama,out_of_scope
Maaş pazarlığı,out_of_scope
İş görüşmesi ipuçları,out_of_scope
Özgeçmiş hazırlama,out_of_scope
Container orchestration security,info_request
Microservices security best practices,info_request
Service mesh güvenliği,info_request
API security testing,info_request
GraphQL security considerations,info_request
REST API authentication methods,info_request
Webhook security validation,info_request
Message queue security,info_request
Event-driven architecture security,info_request
Serverless security risks,info_request
Lambda function security,info_request
Cloud storage encryption,info_request
Database encryption methods,info_request
Backup security practices,info_request
Disaster recovery security,info_request
Business continuity planning,info_request
Incident response procedures,info_request
Forensics investigation steps,info_request
Malware analysis techniques,info_request
Threat hunting metodları,info_request
Log analysis best practices,info_request
SIEM correlation rules,info_request
Security metrics KPIs,info_request
Vulnerability management process,info_request
Patch management strategy,info_request
Change management security,info_request
Configuration management security,info_request
Asset inventory tracking,info_request
Network segmentation design,info_request
Zero trust implementation,info_request
Least privilege principle,info_request
Defense in depth strategy,info_request
Security by design approach,info_request
Secure coding practices,info_request
Code review security checklist,info_request
Static code analysis tools,info_request
Dynamic application security testing,info_request
Security regression testing,info_request
Continuous security monitoring,info_request
DevSecOps pipeline integration,info_request
Docker security scan configuration,action_request
Kubernetes RBAC policy oluştur,action_request
Istio security policy yaml,action_request
Linkerd authorization policy,action_request
Consul ACL configuration,action_request
Vault secret management setup,action_request
HashiCorp Boundary configuration,action_request
Teleport access control,action_request
OAuth2 proxy deployment,action_request
Keycloak realm configuration,action_request
Okta integration script,action_request
Auth0 rule oluştur,action_request
AWS Cognito user pool setup,action_request
Azure AD B2C policy,action_request
Google Identity Platform config,action_request
LDAP authentication setup,action_request
Kerberos configuration script,action_request
RADIUS server setup,action_request
TACACS+ authentication,action_request
Certificate-based auth setup,action_request
Mutual TLS configuration,action_request
API key rotation script,action_request
Token management automation,action_request
Session management security,action_request
Cookie security flags set,action_request
CORS policy configuration,action_request
CSP header ayarla,action_request
HSTS enable script,action_request
X-Frame-Options set,action_request
X-Content-Type-Options configure,action_request
Referrer-Policy ayarla,action_request
Permissions-Policy setup,action_request
Feature-Policy configure,action_request
SameSite cookie attribute,action_request
HttpOnly flag enable,action_request
Secure flag set cookies,action_request
Input validation regex,action_request
Output encoding functions,action_request
SQL injection prevention,action_request
XSS filter implementation,action_request
CSRF token generation,action_request
Path traversal mitigation,action_request
Command injection prevention,action_request
SSRF protection implementation,action_request
XXE prevention configuration,action_request
Deserialization security,action_request
Buffer overflow protection,action_request
Race condition mitigation,action_request
Integer overflow checks,action_request
Memory leak detection,action_request
Resource exhaustion prevention,action_request
Denial of service mitigation,action_request
Rate limiting implementation,action_request
Throttling mechanism setup,action_request
Circuit breaker pattern,action_request
Bulkhead pattern implementation,action_request
Retry policy configuration,action_request
Timeout settings optimization,action_request
Connection pooling security,action_request
DNS security configuration,action_request
DNSSEC implementation,action_request
Zero trust modelini anlatır mısın,info_request
Bana zero trust hakkında bilgi ver,info_request
Zero trust mimarisini öğrenmek istiyorum,info_request
Zero trust yaklaşımı nedir,info_request
Zero trust prensibi nasıl çalışır,info_request
Firewall açıkla bana,info_request
Firewall hakkında bilgi verir misin,info_request
Güvenlik duvarı nedir anlat,info_request
Firewall nasıl çalışır söyler misin,info_request
Güvenlik duvarının görevini açıklar mısın,info_request
SSH protokolünü anlat,info_request
SSH nedir bana açıkla,info_request
SSH hakkında bilgi ver,info_request
Secure shell protokolü nasıl çalışır,info_request
SSH'ı öğrenmek istiyorum,info_request
MFA nedir söyler misin,info_request
Multi-factor authentication açıkla,info_request
Çok faktörlü kimlik doğrulama nedir,info_request
MFA nasıl çalışır anlat,info_request
MFA hakkında bilgi verir misin,info_request
SSL/TLS nedir açıkla,info_request
TLS protokolünü anlat bana,info_request
SSL sertifikası hakkında bilgi ver,info_request
SSL/TLS farkını söyler misin,info_request
VPN nedir açıklar mısın,info_request
VPN nasıl çalışır anlat,info_request
Sanal özel ağ hakkında bilgi ver,info_request
VPN türlerini öğrenmek istiyorum,info_request
VPN protokollerini açıkla,info_request
IDS nedir söyle bana,info_request
Intrusion detection system anlat,info_request
Saldırı tespit sistemi hakkında bilgi ver,info_request
IDS nasıl çalışır açıkla,info_request
IDS ve IPS farkını anlat,info_request
SIEM nedir açıklar mısın,info_request
Security information event management anlat,info_request
SIEM sistemini öğrenmek istiyorum,info_request
SIEM nasıl çalışır söyle,info_request
SIEM araçları hakkında bilgi ver,info_request
Penetration test nedir,info_request
Pentest açıkla bana,info_request
Sızma testi hakkında bilgi ver,info_request
Penetration testing nasıl yapılır,info_request
Pentest adımlarını anlat,info_request
Vulnerability assessment nedir,info_request
Zafiyet değerlendirmesi açıkla,info_request
Güvenlik açığı taraması hakkında bilgi ver,info_request
Vulnerability scanning nasıl yapılır,info_request
Zafiyet tespiti yöntemlerini anlat,info_request
Ubuntu SSH güvenlik scripti yaz,action_request
Ubuntu için SSH hardening scripti oluştur,action_request
SSH sıkılaştırma scripti hazırla Ubuntu,action_request
Bana Ubuntu SSH security scripti yaz,action_request
Ubuntu SSH yapılandırma scripti oluştur,action_request
Debian firewall kuralı ekle bana,action_request
Debian için güvenlik duvarı kuralı yaz,action_request
Firewall rule oluştur Debian,action_request
Debian firewall yapılandırması yap,action_request
Güvenlik duvarı scripti hazırla Debian,action_request
CentOS SELinux aktif et,action_request
CentOS için SELinux enable scripti yaz,action_request
SELinux'u etkinleştir CentOS,action_request
Bana CentOS SELinux scripti oluştur,action_request
SELinux yapılandırma scripti hazırla,action_request
RHEL password policy ayarla bana,action_request
RHEL için parola politikası oluştur,action_request
Password policy scripti yaz RHEL,action_request
Şifre politikası yapılandır RHEL,action_request
RHEL parola kuralları scripti hazırla,action_request
Docker container security yap,action_request
Docker güvenlik yapılandırması oluştur,action_request
Container hardening scripti yaz,action_request
Docker security baseline hazırla,action_request
Konteyner güvenliği scripti oluştur,action_request
Kubernetes RBAC policy yaz bana,action_request
Kubernetes için role-based access control oluştur,action_request
K8s RBAC yapılandırması hazırla,action_request
Kubernetes yetkilendirme politikası yaz,action_request
RBAC kuralları scripti oluştur K8s,action_request
AWS IAM policy oluştur,action_request
AWS için IAM politikası yaz,action_request
IAM policy json hazırla AWS,action_request
AWS yetkilendirme politikası oluştur,action_request
Amazon IAM kuralları scripti yaz,action_request
Terraform security module yaz,action_request
Terraform için güvenlik modülü oluştur,action_request
IaC security baseline hazırla Terraform,action_request
Terraform güvenlik yapılandırması yaz,action_request
Terraform hardening modülü oluştur,action_request
Ansible security playbook hazırla,action_request
Ansible için güvenlik otomasyon scripti yaz,action_request
Security automation playbook oluştur Ansible,action_request
Ansible hardening playbook hazırla,action_request
Ansible güvenlik yapılandırması yaz,action_request
NGINX SSL config yap,action_request
NGINX için SSL yapılandırması oluştur,action_request
NGINX TLS configuration scripti yaz,action_request
Web sunucu SSL ayarları hazırla NGINX,action_request
NGINX HTTPS yapılandırması oluştur,action_request
PostgreSQL hardening yap,action_request
PostgreSQL güvenlik sıkılaştırması oluştur,action_request
Database security scripti yaz PostgreSQL,action_request
PostgreSQL güvenlik yapılandırması hazırla,action_request
Veritabanı hardening scripti oluştur PostgreSQL,action_request
Merhaba nasıl gidiyor,greeting
Selam işler nasıl,greeting
Hey ne haber,greeting
Günaydın nasılsınız,greeting
İyi günler arkadaşlar,greeting
Merhaba dostlar,greeting
Hey millet nasılsınız,greeting
Selam ekip,greeting
İyi akşamlar hepinize,greeting
Görüşürüz tekrar,farewell
Hoşçakal sonra görüşürüz,farewell
Bye bye görüşmek üzere,farewell
Güle güle kendinize iyi bakın,farewell
Hoşçakalın başarılar,farewell
Görüşmek dileğiyle hoşçakal,farewell
İyi günler tekrar görüşelim,farewell
Elveda arkadaşlar,farewell
Sağlıcakla kalın görüşürüz,farewell
Güle güle iyi çalışmalar,farewell
Teşekkürler çok yardımcı oldun,thanks
Sağol gerçekten çok teşekkürler,thanks
Thanks a lot yardımın için,thanks
Minnettarım çok sağol,thanks
Harika bilgi teşekkür ederim,thanks
Süper yardım sağol,thanks
Mükemmel açıklama teşekkürler,thanks
Perfect sağol çok,thanks
Çok işime yaradı teşekkürler,thanks
Efsane yardım thanks,thanks
Yardım eder misin lütfen,help
Yardıma ihtiyacım var acil,help
Destek gerekli bana,help
Help me please yardım et,help
Assistance lazım hemen,help
Support gerekiyor acil,help
Takıldım yardım lazım,help
Problem var çözemiyorum yardım,help
Desteğe ihtiyacım var,help
selam!,greeting
slm,greeting
slm.,greeting
sa,greeting
s.a,greeting
selamünaleyküm,greeting
merhaba!,greeting
merhaba.,greeting
naber?,greeting
n'aber,greeting
n'aber?,greeting
ne haber?,greeting
nbr,greeting
nbr?,greeting
naptın,greeting
naptın?,greeting
napıyorsun,greeting
napıyorsun?,greeting
napıyon,greeting
napıyon?,greeting
naptın bakalım,greeting
Nasılsın?,greeting
nasılsın bakalım,greeting
nasıl gidiyor,greeting
nasıl gidiyor?,greeting
iyi misin,greeting
iyi misin?,greeting
günaydın!,greeting
iyi akşamlar,greeting
iyi akşamlar!,greeting
iyi geceler,greeting
hoş geldin,greeting
hey!,greeting
heyo,greeting
heyoo,greeting
kanka naber,greeting
kanka naber?,greeting
selam dostum!,greeting
hey nasılsın,greeting
hey nasılsın?,greeting
selam kanka,greeting
merhaba dostum,greeting
naber kanka,greeting
iyi günler,greeting
iyi günler!,greeting
selam arkadaşlar,greeting
ne var ne yok?,greeting
nasıl gidiyor hayat,greeting
naptınız,greeting
napıyorsunuz,greeting
günaydınlar,greeting
hey dostum,greeting
selam usta,greeting
merhaba usta,greeting
naber dostum,greeting
iyi sabahlar,greeting
yine merhaba,greeting
selam tekrar,greeting
Hoşça kalın,farewell
Baybay,farewell
Bay bay,farewell
Bay,farewell
Çıkıyorum görüşürüz,farewell
Kapatıyorum,farewell
Bb,farewell
Hadi görüşürüz,farewell
Görüşürüz hadi,farewell
Tamam görüşürüz,farewell
Eyvallah kapatıyorum,farewell
İyi çalışmalar görüşürüz,farewell
Ben kaçtım görüşürüz,farewell
Hadi bay bay,farewell
Görüşürüz kolay gelsin,farewell
Kolay gelsin hoşça kal,farewell
İyi akşamlar görüşürüz,farewell
İyi geceler görüşürüz,farewell
Görüşürüz iyi geceler,farewell
Eyvallah hadi görüşürüz,farewell
Sonra konuşuruz görüşürüz,farewell
Çıkıyorum kendine iyi bak,farewell
Kapatıyorum görüşürüz,farewell
Ben gidiyorum görüşürüz,farewell
Gidiyorum hoşça kal,farewell
Tekrar görüşmek üzere,farewell
Sonraki sefere görüşürüz,farewell
Hadi kapatalım görüşürüz,farewell
İyi günler görüşürüz,farewell
Eyvallah iyi günler,farewell
Sağ ol görüşürüz,farewell
Teşekkürler görüşürüz,farewell
Teşekkürler hoşça kal,farewell
Görüşürüz dostum,farewell
Hoşça kal kendine iyi bak,farewell
Bay bay görüşürüz,farewell
Çıkış yapıyorum görüşürüz,farewell
Oturumu kapatıyorum görüşürüz,farewell
Ben kaçar görüşürüz,farewell
Hadi bana eyvallah,farewell
Görüşürüz birazdan,farewell
İyi tatiller görüşürüz,farewell
Mutlu günler görüşürüz,farewell
Selametle kal,farewell
Hadi kendine iyi bak,farewell
Görüşürüz o zaman,farewell
Tamamdır görüşürüz,farewell
Kapanıyorum görüşürüz,farewell
çok teşekkür ederim,thanks
sağ olun,thanks
çok makbule geçti,thanks
eline sağlık,thanks
harika oldu teşekkürler,thanks
çok yardımcı oldun sağ ol,thanks
valla sağ ol,thanks
teşekkürler çok işime yaradı,thanks
sağ ol dostum,thanks
teşekkür ederim çok açıklayıcıydı,thanks
mükemmel oldu teşekkür ederim,thanks
harika anlattın sağ ol,thanks
çok sağ ol gerçekten,thanks
eyvallah kardeşim,thanks
teşekkürler bu sıkılaştırma adımları çok net oldu,thanks
sağ olasın,thanks
ellerine sağlık,thanks
çok teşekkürler kurtardın,thanks
teşekkür ederim hocam,thanks
valla eline sağlık,thanks
süper açıklama oldu teşekkürler,thanks
çok net oldu sağ ol,thanks
teşekkürler harika çalışıyor,thanks
çok makbule geçti teşekkür ederim,thanks
sağ ol be,thanks
teşekkürler tam istediğim gibi oldu,thanks
yardımın için teşekkürler,thanks
yardımın için minnettarım,thanks
destek için sağ ol,thanks
açıkladığın için teşekkür ederim,thanks
çok faydalı oldu teşekkürler,thanks
teşekkürler problemi çözdün,thanks
sayende halloldu sağ ol,thanks
vallahi çok sağ ol,thanks
süpersin be teşekkürler,thanks
teşekkürler emeğine sağlık,thanks
emeğin için teşekkür ederim,thanks
harikasın teşekkürler,thanks
çok teşekkür ederim her şey net,thanks
sağ ol kanka,thanks
teşekkürler bu kadar detay yeter,thanks
valla teşekkür ederim,thanks
çok yardımcı oldun teşekkürler,thanks
eyvallah çok sağ ol,thanks
teşekkürler mükemmel açıklama,thanks
binlerce teşekkür,thanks
teşekkürler işimi gördü,thanks
yardım eder misin,help
ne yapabilirsin,help
bana nasıl yardımcı olabilirsin,help
neler yapabiliyorsun,help
bu sistem ne işe yarar,help
kullanım kılavuzu var mı,help
sana ne sorabilirim,help
nasıl başlarım,help
özelliklerin neler,help
beni yönlendirir misin,help
"merhaba, neler yapabilirsin",help
bu asistan tam olarak ne işe yarıyor,help
hangi konularda bana destek olabilirsin,help
buradan nereye başlamalıyım,help
"yeni başlıyorum, bana yol gösterir misin",help
bu araçla neler yapabilirim,help
kısaca yeteneklerini anlatır mısın,help
sen ne tür bir asistansın,help
bana yardımcı olur musun,help
"elimden tutar mısın, ilk kez kullanıyorum",help
ne işe yaradığını anlatabilir misin,help
buraya ne yazabilirim,help
hangi tür soruları cevaplayabiliyorsun,help
sana hangi konularda danışabilirim,help
bu sistemin amacı ne,help
kullanmaya nasıl başlayacağım,help
bir rehber ya da kılavuz paylaşır mısın,help
neler sunuyorsun bana,help
destek almak istiyorum,help
yardım menüsünü açar mısın,help
fonksiyonların neler,help
bana kısa bir tanıtım yapar mısın,help
ilk adım olarak ne yapmalıyım,help
burada nasıl ilerlerim,help
"kapasiten ne kadar, neler yapabilirsin",help
"sana ne sorabileceğimi bilmiyorum, yardım eder misin",help
hangi işlerde işime yararsın,help
beni biraz yönlendirebilir misin,help
bu uygulamayı nasıl kullanacağım hakkında bilgi verir misin,help
sunduğun özellikleri listeler misin,help
nasıl çalışıyorsun,help
kullanım için ipucu verir misin,help
ne tür yardımlar sağlıyorsun,help
bana baştan anlatır mısın neler yapabildiğini,help
buradan başlamak için ne önerirsin,help
"selam, bana nasıl faydalı olabilirsin",help
tam olarak hangi görevlerde yardımcı oluyorsun,help
kullanımıyla ilgili genel bilgi alabilir miyim,help
"menüde neler var, gösterir misin",help
ne hakkında konuşabiliriz,help
ne tür sorular sormam beklenir,help
bana özetle ne yaptığını söyler misin,help
yardım almak için ne yapmam gerekiyor,help
hangi alanlarda uzmanlığın var,help
sistemi tanımam için bana bilgi verir misin,help
kullanmadan önce ne bilmeliyim,help
PermitRootLogin ayarı tam olarak nedir ve SSH bağlantılarını nasıl etkiler?,info_request
"SSH servisi neden sıkılaştırılmalı, varsayılan ayarlar hangi riskleri barındırır?",info_request
UFW ne işe yarar ve iptables'tan farkı nedir?,info_request
"SELinux nedir, nasıl bir güvenlik modeli sunar?",info_request
"auditd arka planda nasıl çalışır, olayları hangi mekanizmayla yakalar?",info_request
"Parola politikası neden bu kadar önemli, zayıf politikanın sonuçları ne olur?",info_request
cramfs kernel modülü nedir ve neden CIS tarafından devre dışı bırakılması öneriliyor?,info_request
CIS Level 1 ile Level 2 profilleri arasındaki temel fark nedir?,info_request
fail2ban nedir ve brute-force saldırılarını nasıl engeller?,info_request
"AppArmor tam olarak ne yapar, SELinux'tan ne yönüyle ayrılır?",info_request
umask değerinin neden 027 olması gerektiğini açıklar mısın?,info_request
TLS cipher suite seçimi neden güvenlik açısından kritik?,info_request
/etc/shadow dosyasının izinleri neden bu kadar kısıtlı olmalı?,info_request
"Zero Trust mimarisi nedir, geleneksel çevre güvenliğinden farkı ne?",info_request
MFA neden tek başına paroladan daha güvenli kabul ediliyor?,info_request
Log rotation nedir ve loglar neden döndürülmek zorunda?,info_request
"sudo yetkileri neden kısıtlanmalı, sınırsız sudo neden tehlikeli?",info_request
NIST 800-53 çerçevesi nedir ve CIS Benchmark ile ilişkisi nasıl?,info_request
Kernel modüllerinin yüklenmesini kısıtlamak neden bir sıkılaştırma adımı sayılıyor?,info_request
"GRUB bootloader parolası ne işe yarar, neden ayarlanması tavsiye ediliyor?",info_request
ASLR (Address Space Layout Randomization) nedir ve nasıl koruma sağlar?,info_request
/tmp dizininin ayrı bir bölüm olarak bağlanması neden öneriliyor?,info_request
"noexec, nosuid ve nodev mount seçenekleri ne anlama gelir?",info_request
PAM (Pluggable Authentication Modules) nedir ve sıkılaştırmada rolü ne?,info_request
pwquality kütüphanesi parola karmaşıklığını nasıl denetler?,info_request
"Account lockout politikası nedir, kaç başarısız denemeden sonra devreye girer?",info_request
SSH protokol sürüm 2'nin sürüm 1'e göre neden zorunlu tutulduğunu açıklar mısın?,info_request
"Idle session timeout neden yapılandırılmalı, açık oturumlar ne risk taşır?",info_request
"rsyslog ile journald arasındaki fark nedir, hangisi ne zaman tercih edilir?",info_request
Dünyaya yazılabilir (world-writable) dosyalar neden güvenlik açığı oluşturur?,info_request
"SUID ve SGID bit'leri nedir, neden denetlenmeleri gerekir?",info_request
Windows Defender Application Control nedir ve nasıl çalışır?,info_request
BitLocker disk şifrelemesi verileri hangi düzeyde korur?,info_request
Windows'ta LSASS bellek korumasının amacı nedir?,info_request
Credential Guard nedir ve kimlik bilgilerini nasıl izole eder?,info_request
Windows Firewall ile gelen ve giden kuralların farkı nedir?,info_request
Group Policy Object (GPO) güvenlik sıkılaştırmada nasıl bir rol oynar?,info_request
PowerShell yürütme politikası (execution policy) ne işe yarar?,info_request
Windows Event Forwarding nedir ve merkezi log toplamada nasıl kullanılır?,info_request
AppLocker uygulama beyaz listesini nasıl uygular?,info_request
SMBv1 protokolü neden devre dışı bırakılmalı?,info_request
NTLM kimlik doğrulamasının zayıflıkları nelerdir?,info_request
Kerberos kimlik doğrulaması nasıl çalışır ve neden daha güvenlidir?,info_request
Hesap denetim politikaları (audit policy) neden ayarlanmalı?,info_request
En az ayrıcalık (least privilege) ilkesi tam olarak ne anlama gelir?,info_request
Defans katmanlama (defense in depth) yaklaşımı nedir?,info_request
Saldırı yüzeyi (attack surface) kavramı neyi ifade eder ve nasıl azaltılır?,info_request
Gereksiz servislerin kapatılması neden önemli bir sıkılaştırma adımıdır?,info_request
IPv6 kullanılmıyorsa devre dışı bırakmak neden tavsiye edilir?,info_request
ICMP yönlendirmelerinin (redirects) kabul edilmemesi neden güvenli?,info_request
TCP SYN cookies nedir ve hangi saldırıya karşı koruma sağlar?,info_request
Çekirdek parametrelerini sysctl ile sertleştirmek ne anlama gelir?,info_request
/etc/passwd ile /etc/shadow dosyaları arasındaki fark nedir?,info_request
Parola hash algoritması olarak neden SHA-512 veya yescrypt tercih edilir?,info_request
Parola yaşlandırma (aging) politikası nedir ve maksimum gün sayısı neden sınırlanır?,info_request
Sahipsiz (unowned) dosyalar sistemde neden risk oluşturur?,info_request
Çekirdek çekirdek dökümlerinin (core dumps) devre dışı bırakılması neden öneriliyor?,info_request
AIDE gibi dosya bütünlüğü izleme araçları nasıl çalışır?,info_request
chrony veya ntp ile zaman senkronizasyonu güvenlik açısından neden önemli?,info_request
DNS güvenliği için DNSSEC ne sağlar?,info_request
Banner mesajları (issue/motd) neden yasal ve güvenlik açısından anlamlı?,info_request
Cron işlerinin izinleri neden sıkı tutulmalı?,info_request
at ve cron erişiminin kısıtlanması hangi riski azaltır?,info_request
Sistem güncellemelerinin düzenli uygulanması neden temel bir sıkılaştırma adımıdır?,info_request
Yama yönetimi (patch management) süreci nasıl işler?,info_request
Güvenlik referans çizgisi (security baseline) kavramı nedir?,info_request
Yapılandırma sürüklenmesi (configuration drift) neden bir sorundur?,info_request
Mikro segmentasyon Zero Trust mimarisinde ne işe yarar?,info_request
Kimlik temelli erişim ile ağ temelli erişim arasındaki fark nedir?,info_request
Politika karar noktası (PDP) ve politika uygulama noktası (PEP) nedir?,info_request
Sürekli doğrulama (continuous verification) Zero Trust'ta neden esastır?,info_request
SIEM nedir ve loglar neden merkezi bir SIEM'e gönderilmeli?,info_request
Güvenlik açığı tarayıcıları (vulnerability scanners) nasıl çalışır?,info_request
CVE ve CVSS skorları neyi ifade eder?,info_request
Uyumluluk denetimi (compliance scan) ile sıkılaştırma arasındaki ilişki nedir?,info_request
OpenSCAP aracı CIS profillerini nasıl değerlendirir?,info_request
Sertifika fixleme (certificate pinning) nedir ve hangi saldırıyı önler?,info_request
HSTS başlığı tarayıcıyı nasıl güvenli iletişime zorlar?,info_request
Perfect Forward Secrecy nedir ve neden önemli sayılır?,info_request
Şifreleme anahtarlarının rotasyonu neden periyodik yapılmalı?,info_request
Ayrıcalıklı erişim yönetimi (PAM/PIM) çözümleri ne işe yarar?,info_request
Just-in-time (JIT) erişim modeli nasıl çalışır?,info_request
Bastion host (sıçrama sunucusu) mimarideki rolü nedir?,info_request
Hesapların ortak (paylaşımlı) kullanımı neden sakıncalı kabul edilir?,info_request
Servis hesaplarının interaktif giriş yapamaması neden istenir?,info_request
"Disk bölümlerinin ayrılması (/var, /var/log, /home) hangi faydayı sağlar?",info_request
AutoRun ve AutoPlay özelliklerinin kapatılması Windows'ta neden öneriliyor?,info_request
Guest hesabının devre dışı bırakılması neden temel bir adımdır?,info_request
Ekran kilidi ve oturum zaman aşımı politikaları neden gerekli?,info_request
SSH üzerinden root girişini devre dışı bırak.,action_request
sshd_config dosyasında PermitRootLogin değerini no yap.,action_request
UFW güvenlik duvarını etkinleştir ve gelen tüm bağlantıları varsayılan olarak reddet.,action_request
"UFW'de yalnızca 22, 80 ve 443 portlarına izin verecek şekilde kuralları yapılandır.",action_request
Parola politikasını sıkılaştır: minimum 14 karakter ve karmaşıklık zorunlu olsun.,action_request
SSH yapılandırmasını sıkılaştıracak bir Ansible playbook yaz.,action_request
cramfs çekirdek modülünü yükleyemez hale getir ve kara listeye al.,action_request
MaxAuthTries değerini 4 olarak ayarla.,action_request
auditd kurallarını CIS önerilerine göre uygula.,action_request
/etc/ssh/sshd_config dosyasının izinlerini 600 yap ve sahibini root yap.,action_request
fail2ban'i kur ve SSH için varsayılan jail'i etkinleştir.,action_request
Sistemi sıkılaştıran kapsamlı bir bash betiği üret.,action_request
Ubuntu 24.04 için CIS Level 1 kontrollerini uygula.,action_request
SELinux'u enforcing moduna geç.,action_request
Gereksiz çalışan servisleri tespit edip kapat.,action_request
PermitEmptyPasswords ayarını no yaparak boş parolalı girişleri engelle.,action_request
Tüm sunucuyu CIS benchmark'a uygun şekilde sıkılaştır.,action_request
"SSH için yalnızca anahtar tabanlı kimlik doğrulamaya izin ver, parola girişini kapat.",action_request
PasswordAuthentication ayarını no olarak değiştir.,action_request
SSH protokolünü yalnızca sürüm 2 kullanacak şekilde zorla.,action_request
X11 yönlendirmeyi sshd_config içinde devre dışı bırak.,action_request
SSH boşta kalma zaman aşımını ClientAliveInterval 300 ile yapılandır.,action_request
Telnet servisini kaldır ve paketini sistemden temizle.,action_request
"rsh, rlogin ve rexec servislerini devre dışı bırak.",action_request
FTP yerine SFTP kullanılacak şekilde vsftpd'yi kaldır.,action_request
usb-storage modülünü devre dışı bırakarak USB depolama aygıtlarını engelle.,action_request
"freevxfs, jffs2 ve hfs dosya sistemi modüllerini kara listeye ekle.",action_request
Çekirdek parametrelerini sysctl ile sıkılaştır ve IP yönlendirmeyi kapat.,action_request
net.ipv4.conf.all.accept_redirects değerini 0 yaparak ICMP yönlendirmelerini reddet.,action_request
ASLR'yi kernel.randomize_va_space=2 ile tam olarak etkinleştir.,action_request
core dump üretimini fs.suid_dumpable=0 ile kısıtla.,action_request
"/tmp dizinini noexec, nosuid ve nodev seçenekleriyle ayrı bir bölüm olarak bağla.",action_request
/var/log için ayrı bir disk bölümü oluştur ve fstab'a ekle.,action_request
"parola yaşlanma politikasını 90 gün maksimum, 7 gün minimum olarak ayarla.",action_request
PASS_WARN_AGE değerini login.defs içinde 7 olarak yapılandır.,action_request
Hesap kilitleme politikasını pam_faillock ile 5 başarısız denemede uygula.,action_request
root harici UID 0 olan tüm hesapları tespit edip kaldır.,action_request
Parolasız sudo erişimini kaldır ve NOPASSWD satırlarını temizle.,action_request
Inaktif kullanıcı hesaplarını 30 gün sonra otomatik devre dışı bırakacak şekilde ayarla.,action_request
auditd paketini kur ve önyüklemede etkin olacak şekilde yapılandır.,action_request
Sudo komutlarının tamamını audit kurallarıyla logla.,action_request
Zaman değişikliği olaylarını izlemek için audit kuralları ekle.,action_request
/etc/passwd ve /etc/shadow dosyalarındaki değişiklikleri audit ile izle.,action_request
AppArmor profillerini yükle ve tümünü enforce moduna al.,action_request
Otomatik güvenlik güncellemelerini unattended-upgrades ile etkinleştir.,action_request
GRUB önyükleyicisine parola koruması ekle.,action_request
Tek kullanıcı modu için kök parolası zorunlu hale getir.,action_request
AIDE dosya bütünlüğü aracını kur ve veritabanını başlat.,action_request
AIDE için günlük bütünlük kontrolü yapan bir cron görevi oluştur.,action_request
Banner mesajlarını /etc/issue ve /etc/issue.net içinde yasal uyarı ile güncelle.,action_request
SSH oturum açma banner'ını sshd_config üzerinden ayarla.,action_request
Windows Server için RDP NLA'yı zorunlu kıl.,action_request
Windows'ta SMBv1 protokolünü tamamen devre dışı bırak.,action_request
Windows Defender'da gerçek zamanlı korumayı grup ilkesiyle etkinleştir.,action_request
Windows parola politikasını minimum 14 karakter olacak şekilde grup ilkesinden yapılandır.,action_request
Windows hesap kilitleme eşiğini 5 başarısız denemeye ayarla.,action_request
Windows Güvenlik Duvarı'nda gelen bağlantıları varsayılan olarak engelle.,action_request
LSA korumasını RunAsPPL kayıt anahtarı ile etkinleştir.,action_request
Windows'ta misafir hesabını devre dışı bırak.,action_request
PowerShell betik bloğu günlüklemesini grup ilkesiyle aç.,action_request
Windows için AutoRun ve AutoPlay özelliklerini kapat.,action_request
Sistemdeki tüm dünya yazılabilir dosyaları bulup izinlerini düzelt.,action_request
Sahipsiz dosya ve dizinleri tarayan bir betik üret.,action_request
SUID ve SGID bit'i set edilmiş dosyaları listele ve gereksiz olanları temizle.,action_request
"cron erişimini yalnızca yetkili kullanıcılarla sınırla, cron.deny'yi kaldır.",action_request
/etc/crontab dosyasının izinlerini 600 olarak ayarla.,action_request
IPv6'yı ihtiyaç yoksa grub üzerinden tamamen devre dışı bırak.,action_request
"Avahi, CUPS ve diğer gereksiz ağ servislerini durdur ve kapat.",action_request
DNS sunucusu olarak çalışmıyorsa named servisini kaldır.,action_request
NTP zaman senkronizasyonunu chrony ile yapılandır ve etkinleştir.,action_request
rsyslog ile uzak log sunucusuna log gönderimini yapılandır.,action_request
Log dosyalarının izinlerini journald için sıkılaştır.,action_request
SSH için izin verilen kullanıcıları AllowUsers ile beyaz listeye al.,action_request
umask değerini /etc/profile içinde 027 olarak ayarla.,action_request
Bash geçmişi zaman damgalarını HISTTIMEFORMAT ile etkinleştir.,action_request
Konsol oturumları için TMOUT değişkenini 600 saniye olarak ayarla.,action_request
Ubuntu için CIS Level 2 sıkılaştırmasını uygulayan Ansible rolü oluştur.,action_request
Docker daemon'ını CIS Docker Benchmark'a göre yapılandır.,action_request
Tüm açık portları tarayıp gereksiz dinleyen servisleri kapatan bir betik yaz.,action_request
LDAP üzerinden TLS zorunluluğunu yapılandır.,action_request
Kerberos ön doğrulamasını zorunlu hale getir.,action_request
Sistem genelinde minimum TLS 1.2 sürümünü zorla ve eski şifre paketlerini devre dışı bırak.,action_request
SSH için yalnızca güçlü Ciphers ve KexAlgorithms değerlerine izin ver.,action_request
wireless arayüzlerini gerekmiyorsa nmcli ile devre dışı bırak.,action_request
Bluetooth servisini durdur ve önyüklemeden kaldır.,action_request
prelink paketini kaldır ve önceden bağlanmış ikilileri geri al.,action_request
Misafir oturumunu lightdm yapılandırmasında kapat.,action_request
GDM için otomatik oturum açmayı devre dışı bırak.,action_request
"Bugün hava nasıl olacak, şemsiye almalı mıyım?",out_of_scope
Yarın İstanbul'da yağmur yağacak mı?,out_of_scope
2 + 2 kaç eder?,out_of_scope
144'ün karekökü nedir?,out_of_scope
Yüzde 15 KDV dahil 200 lira ne kadar eder?,out_of_scope
Mercimek çorbası tarifi verir misin?,out_of_scope
Kıymalı pide nasıl yapılır?,out_of_scope
"Akşam yemeğine ne pişirsem, kolay bir tarif öner.",out_of_scope
Galatasaray dün maçı kaç kaç bitirdi?,out_of_scope
Bu akşam hangi maç var?,out_of_scope
Şampiyonlar Ligi finali ne zaman oynanacak?,out_of_scope
Bana izleyebileceğim güzel bir bilim kurgu filmi öner.,out_of_scope
Netflix'te yeni çıkan diziler neler?,out_of_scope
Komedi türünde bir film tavsiye eder misin?,out_of_scope
Çalışırken dinlemek için sakin müzik önerir misin?,out_of_scope
En sevdiğin şarkı hangisi?,out_of_scope
90'lar Türkçe pop listesi hazırlar mısın?,out_of_scope
Osmanlı İmparatorluğu ne zaman kuruldu?,out_of_scope
İkinci Dünya Savaşı hangi yıllarda yaşandı?,out_of_scope
Dünyanın en uzun nehri hangisidir?,out_of_scope
Şu cümleyi İngilizceye çevirir misin: İyi günler dilerim.,out_of_scope
'Teşekkür ederim' Almanca nasıl denir?,out_of_scope
Bu metni Fransızcaya çevirebilir misin?,out_of_scope
Kaç yaşındasın?,out_of_scope
Senin bir sevgilin var mı?,out_of_scope
"Bugün canın sıkkın mı, nasılsın?",out_of_scope
"Yeni bir telefon almak istiyorum, hangisini önerirsin?",out_of_scope
"İndirimde laptop var mı, nereden bakmalıyım?",out_of_scope
Spor ayakkabı almak için en iyi marka hangisi?,out_of_scope
Tatil için Antalya mı Bodrum mu daha iyi?,out_of_scope
"Yurt dışına ilk kez gideceğim, nereyi tavsiye edersin?",out_of_scope
Kapadokya'da kaç gün kalmak yeterli olur?,out_of_scope
"Boğazım ağrıyor, ne yapmalıyım?",out_of_scope
Baş ağrısı için ne içsem iyi gelir?,out_of_scope
Günde kaç bardak su içmeliyim?,out_of_scope
Bana komik bir fıkra anlatır mısın?,out_of_scope
"Çok sıkıldım, bir şaka yap.",out_of_scope
Apple hissesi şu an kaç dolar?,out_of_scope
Borsada bugün yükselen hisseler hangileri?,out_of_scope
Bilgisayarımda oynayabileceğim güzel bir oyun öner.,out_of_scope
Telefon için bağımlılık yapan oyunlar neler?,out_of_scope
Bana aşk üzerine kısa bir şiir yazar mısın?,out_of_scope
Doğa temalı bir şiir yaz.,out_of_scope
Bugün günlerden ne?,out_of_scope
Bu ay kaç gün var?,out_of_scope
"En yakın restoran nerede, önerir misin?",out_of_scope
Yakınımda güzel bir kahvaltı mekanı var mı?,out_of_scope
Türk kahvesi nasıl yapılır?,out_of_scope
Espresso ile latte arasındaki fark nedir?,out_of_scope
Dolar kuru bugün ne kadar?,out_of_scope
Euro kaç lira oldu?,out_of_scope
Altın fiyatları bugün nasıl?,out_of_scope
Bitcoin şu an kaç dolar?,out_of_scope
Köpek beslemek mi kedi beslemek mi daha kolay?,out_of_scope
Evde kolayca yetiştirebileceğim bir bitki öner.,out_of_scope
Çocuğuma okuyabileceğim güzel bir masal var mı?,out_of_scope
Bir fıçı birayı kaç kişi içer hesaplayabilir misin?,out_of_scope
Pizza hamuru kaç saat mayalanmalı?,out_of_scope
En yakın benzin istasyonu nerede?,out_of_scope
Bugün hangi ünlülerin doğum günü?,out_of_scope
Ay'a ilk kim ayak bastı?,out_of_scope
Türkiye'nin en yüksek dağı hangisidir?,out_of_scope
Bir hafta sonu kaçamağı için fikir verir misin?,out_of_scope
Yemekten sonra yürüyüş yapmak sağlıklı mı?,out_of_scope
Saç dökülmesine ne iyi gelir?,out_of_scope
Bana motive edici bir söz söyler misin?,out_of_scope
Hangi burç en uyumludur?,out_of_scope
"Rüyamda deniz gördüm, anlamı ne?",out_of_scope
Pasta süslemek için fikir verir misin?,out_of_scope
İyi bir kitap önerisi yapar mısın?,out_of_scope
"Bu kışın modası nedir, ne giyilir?",out_of_scope
En sevdiğin renk hangisi?,out_of_scope
"Çay mı kahve mi, sence hangisi daha iyi?",out_of_scope
Yarın hava kaç derece olacak?,out_of_scope
100 doları liraya çevirir misin?,out_of_scope
Akşam sinemada hangi filmler var?,out_of_scope
Maraton koşmak için nasıl antrenman yapmalıyım?,out_of_scope
Limonlu kek tarifini paylaşır mısın?,out_of_scope
Sabah erken kalkmanın püf noktaları neler?,out_of_scope
